[
 {"title":"After Dark in Central Park",
  "year":1900, 
  "director":null, "cast":null, "genre":null},
 {"title":"Boarding School Girls' Pajama Parade",
  "year":1900, 
  "director":null, "cast":null, "genre":null},
 {"title":"Buffalo Bill's Wild West Parad",
  "year":1900, 
  "director":null, "cast":null, "genre":null},
 {"title":"Caught",
  "year":1900, 
  "director":null, "cast":null, "genre":null},
 {"title":"Clowns Spinning Hats",
  "year":1900, 
  "director":null, "cast":null, "genre":null},
{"title":"Capture of Boer Battery by British",
  "year":1900, 
  "director":"James H. White", "cast":null, "genre":"Short documentary"},
 {"title":"The Enchanted Drawing",
  "year":1900, 
  "director":"J. Stuart Blackton", "cast":null,"genre":null},
 {"title":"Family Troubles",
  "year":1900,
  "director":null, "cast":null, "genre":null},
 {"title":"Feeding Sea Lions",
  "year":1900,
  "director":null, "cast":"Paul Boyton", "genre":null}
 ]